1,1,1,a1b2c3d4e5f6g7h8i9j0,CANCELLED,2024-01-01 13:00:00+03,2024-01-01 13:01:00+03,2024-01-01 13:02:00+03
2,2,1,b2c3d4e5f6g7h8i9j0a1,CANCELLED,2024-01-02 14:00:00+03,2024-01-02 14:01:00+03,2024-01-02 14:02:00+03
3,3,1,c3d4e5f6g7h8i9j0a1b2,CANCELLED,2024-01-03 15:00:00+03,2024-01-03 15:01:00+03,2024-01-03 15:05:00+03
4,1,1,d4e5f6g7h8i9j0a1b2c3,CANCELLED,2024-01-04 16:00:00+03,2024-01-04 16:01:00+03,2024-01-04 16:02:00+03
5,2,1,e5f6g7h8i9j0a1b2c3d4,SUCCESS,2024-01-05 17:00:00+03,2024-01-05 17:01:00+03,2024-01-05 17:10:00+03
6,4,2,f6g7h8i9j0a1b2c3d4e5,CANCELLED,2024-02-01 12:00:00+03,2024-02-01 12:01:00+03,2024-02-01 12:03:00+03
7,5,2,g7h8i9j0a1b2c3d4e5f6,CANCELLED,2024-02-02 13:00:00+03,2024-02-02 13:01:00+03,2024-02-02 13:04:00+03
8,4,2,h8i9j0a1b2c3d4e5f6g7,CANCELLED,2024-02-03 14:00:00+03,2024-02-03 14:01:00+03,2024-02-03 14:02:00+03
9,6,3,i9j0a1b2c3d4e5f6g7h8,CANCELLED,2024-03-01 11:00:00+03,2024-03-01 11:01:00+03,2024-03-01 11:05:00+03
10,7,3,j0a1b2c3d4e5f6g7h8i9,CANCELLED,2024-03-02 12:00:00+03,2024-03-02 12:01:00+03,2024-03-02 12:06:00+03
11,6,3,k1l2m3n4o5p6q7r8s9t0,CANCELLED,2024-03-03 13:00:00+03,2024-03-03 13:01:00+03,2024-03-03 13:02:00+03
12,7,3,l2m3n4o5p6q7r8s9t0k1,SUCCESS,2024-03-04 14:00:00+03,2024-03-04 14:01:00+03,2024-03-04 14:15:00+03
13,8,4,m3n4o5p6q7r8s9t0k1l2,SUCCESS,2024-04-01 13:00:00+03,2024-04-01 13:01:00+03,2024-04-01 13:10:00+03
14,9,,n4o5p6q7r8s9t0k1l2m3,FAILED,2024-04-02 14:00:00+03,2024-04-02 14:01:00+03,2024-04-02 14:05:00+03
15,10,6,o5p6q7r8s9t0k1l2m3n4,SUCCESS,2024-04-03 15:00:00+03,2024-04-03 15:01:00+03,2024-04-03 15:12:00+03
16,11,7,p6q7r8s9t0k1l2m3n4o5,PENDING,2024-04-04 16:00:00+03,,
17,12,8,q7r8s9t0k1l2m3n4o5p6,RUNNING,2024-04-05 17:00:00+03,2024-04-05 17:01:00+03,
18,13,9,r8s9t0k1l2m3n4o5p6q7,SUCCESS,2024-04-06 18:00:00+03,2024-04-06 18:01:00+03,2024-04-06 18:08:00+03
19,14,10,s9t0k1l2m3n4o5p6q7r8,FAILED,2024-04-07 19:00:00+03,2024-04-07 19:01:00+03,2024-04-07 19:05:00+03
20,15,,t0k1l2m3n4o5p6q7r8s9,SUCCESS,2024-04-08 20:00:00+03,2024-04-08 20:01:00+03,2024-04-08 20:20:00+03
21,16,12,u1v2w3x4y5z6a7b8c9d0,SUCCESS,2024-04-09 21:00:00+03,2024-04-09 21:01:00+03,2024-04-09 21:11:00+03
22,17,13,v2w3x4y5z6a7b8c9d0u1,RUNNING,2024-04-10 22:00:00+03,2024-04-10 22:01:00+03,2024-04-10 22:07:00+03
23,18,14,w3x4y5z6a7b8c9d0u1v2,SUCCESS,2024-04-11 23:00:00+03,2024-04-11 23:01:00+03,2024-04-11 23:15:00+03
24,19,15,x4y5z6a7b8c9d0u1v2w3,SUCCESS,2024-04-13 00:00:00+03,2024-04-13 00:01:00+03,2024-04-13 00:10:00+03
25,20,16,y5z6a7b8c9d0u1v2w3x4,RUNNING,2024-04-14 01:00:00+03,2024-04-14 01:01:00+03,
26,21,17,z6a7b8c9d0u1v2w3x4y5,SUCCESS,2024-04-15 02:00:00+03,2024-04-15 02:01:00+03,2024-04-15 02:18:00+03
